,Drug Name,Smiles,chembl_id,pubchem_cid,jtvae_0,jtvae_1,jtvae_2,jtvae_3,jtvae_4,jtvae_5,jtvae_6,jtvae_7,jtvae_8,jtvae_9,jtvae_10,jtvae_11,jtvae_12,jtvae_13,jtvae_14,jtvae_15,jtvae_16,jtvae_17,jtvae_18,jtvae_19,jtvae_20,jtvae_21,jtvae_22,jtvae_23,jtvae_24,jtvae_25,jtvae_26,jtvae_27,jtvae_28,jtvae_29,jtvae_30,jtvae_31,jtvae_32,jtvae_33,jtvae_34,jtvae_35,jtvae_36,jtvae_37,jtvae_38,jtvae_39,jtvae_40,jtvae_41,jtvae_42,jtvae_43,jtvae_44,jtvae_45,jtvae_46,jtvae_47,jtvae_48,jtvae_49,jtvae_50,jtvae_51,jtvae_52,jtvae_53,jtvae_54,jtvae_55
0,Abemaciclib,CCN1CCN(Cc2ccc(Nc3ncc(F)c(-c4cc(F)c5nc(C)n(C(C)C)c5c4)n3)nc2)CC1,CHEMBL3301610,46220502.0,-4.945181,-0.75188863,3.7304826,2.2500958,-1.4141963,-6.030918,-3.4371276,2.504555,5.7749605,-4.168759,-1.0779843,4.2662306,3.5955956,5.0113115,0.8573602,0.385938,-0.2133988,-6.2041206,3.0582616,3.7336159,-1.2443858,-1.4667399,-6.660909,-1.5993712,-5.8597956,1.3008214,-0.82534003,1.8383775,0.24151208,-0.44045708,-0.5875528,-0.5221269,0.36050054,0.52799225,-0.4811791,-0.083653525,0.5709489,-0.49087274,0.67341614,-0.25378713,-0.1521393,1.3742276,-0.06156578,0.80877936,2.795085,0.19150046,-0.022818163,-0.71092814,-0.042056747,-0.32175666,0.09423838,0.27796605,-0.4068063,-0.3618219,-0.30378878,0.19404577
1,Afinitor (Everolimus),COC1CC2CCC(C)C(O)(O2)C(=O)C(=O)N2CCCCC2C(=O)OC(C(C)CC2CCC(OCCO)C(OC)C2)CC(=O)C(C)C=C(C)C(O)C(OC)C(=O)C(C)CC(C)C=CC=CC=C1C,CHEMBL1908360,,-2.3397913,3.1098828,-3.220647,-8.078021,16.61303,-5.772609,-3.6899376,3.0751615,4.675328,8.073236,2.4449198,-0.12140788,5.464613,7.639888,11.58157,0.5880479,-1.239159,-5.453928,1.2194382,-0.9655181,2.654146,0.48101303,14.141373,4.6784234,-4.473767,15.415462,6.002307,11.017849,-0.3609493,0.40440214,-0.95064193,0.07623937,0.55693376,-0.55939066,-0.10097468,0.2047664,1.0240141,-0.95858586,0.7919281,-1.2429941,-0.20588046,1.3077847,-0.08496048,0.76508087,1.9557786,-0.59269303,1.0481741,0.3219266,-0.64145374,-0.82226187,-0.6103103,0.38671145,0.62708586,-0.75869834,0.42450553,0.12514785
2,Afinitor Disperz (Everolimus),COC1CC2CCC(C)C(O)(O2)C(=O)C(=O)N2CCCCC2C(=O)OC(C(C)CC2CCC(OCCO)C(OC)C2)CC(=O)C(C)C=C(C)C(O)C(OC)C(=O)C(C)CC(C)C=CC=CC=C1C,CHEMBL1908360,,-2.3397913,3.1098828,-3.220647,-8.078021,16.61303,-5.772609,-3.6899376,3.0751615,4.675328,8.073236,2.4449198,-0.12140788,5.464613,7.639888,11.58157,0.5880479,-1.239159,-5.453928,1.2194382,-0.9655181,2.654146,0.48101303,14.141373,4.6784234,-4.473767,15.415462,6.002307,11.017849,-0.3609493,0.40440214,-0.95064193,0.07623937,0.55693376,-0.55939066,-0.10097468,0.2047664,1.0240141,-0.95858586,0.7919281,-1.2429941,-0.20588046,1.3077847,-0.08496048,0.76508087,1.9557786,-0.59269303,1.0481741,0.3219266,-0.64145374,-0.82226187,-0.6103103,0.38671145,0.62708586,-0.75869834,0.42450553,0.12514785
3,Alpelisib,Cc1nc(NC(=O)N2CCCC2C(N)=O)sc1-c1ccnc(C(C)(C)C(F)(F)F)c1,CHEMBL2396661,56649450.0,-2.3257756,-3.9072115,-6.7458773,4.415395,4.848088,2.2417674,-3.1816597,1.1423653,0.029752493,2.1789458,0.3526665,6.7950926,3.872318,-0.75853544,1.1987364,1.6201994,1.4536182,-3.559858,-2.9951925,2.4646482,-2.8176541,-2.5353856,2.8698587,-0.29887283,-2.8933065,0.7552451,-3.4995651,3.886562,-0.40064335,0.71661085,-0.33876655,-0.6939575,0.7077592,0.2233406,-0.1632428,-1.1027281,0.6760693,-1.1542815,-1.2134496,0.010867484,0.001398392,-0.14476644,0.3142509,-0.637141,1.2889404,-0.74677974,0.26370728,0.40412325,0.22491068,-0.30881223,-0.11017891,-0.59287214,0.7864083,-0.31642082,-0.61080855,0.5594856
4,Anastrozole,CC(C)(C#N)c1cc(Cn2cncn2)cc(C(C)(C)C#N)c1,CHEMBL1399,2187.0,-4.017089,-1.191799,-1.4314753,-3.021104,5.566074,2.246656,-4.034701,2.7894502,-1.1464306,3.7638798,3.1755035,-2.6492703,5.196008,-0.6375404,-0.8632603,-6.586624,0.8791116,0.8898978,4.2270737,1.4700198,-3.9989736,0.49462155,5.04952,-1.4827137,-1.6756151,-0.14827247,-2.0814898,5.6516685,0.9432904,0.17694229,0.6597583,-0.2632308,-0.189221,-0.25086552,-0.81320894,-1.5960307,-0.5118841,1.4821881,-0.64801574,-1.2213093,-1.5312719,1.1142362,-0.48903304,0.5448954,1.4644,0.5931115,-0.36020684,-0.17652884,-0.26921228,-0.513692,0.72471803,0.68862814,1.4823122,-0.18929185,-0.8702419,-0.08818628
5,Aredia (Pamidronate Disodium),NCCC(O)(P(=O)([O-])O)P(=O)([O-])O.O.O.O.O.O.[Na+].[Na+],CHEMBL3989401,,0.2697828,-0.49050474,1.9115503,-3.2179015,2.1214292,-2.9168649,-2.9141495,-2.75066,-1.4483346,-5.6056657,2.2284613,0.15535884,0.95991814,5.0235047,3.8555317,5.60287,-2.8907092,-1.9193757,2.5865257,1.0312248,0.10651542,1.3184632,12.497761,-6.2531905,0.7901505,2.4247851,-1.8940452,0.36223125,0.33284146,0.29648057,-0.15798262,-0.08146526,0.5323813,0.26549864,-0.43734726,0.43534097,0.43125358,0.03516234,-0.10995237,-0.04606288,-0.06992937,-0.038636014,1.023529,0.054775286,1.7786114,0.014665477,-0.105544314,-0.11035731,-0.21017447,0.09215043,0.32319474,0.86594605,0.2837748,-0.37452707,-0.38697755,0.30202436
6,Arimidex (Anastrozole),CC(C)(C#N)c1cc(Cn2cncn2)cc(C(C)(C)C#N)c1,CHEMBL1399,,-4.017089,-1.191799,-1.4314753,-3.021104,5.566074,2.246656,-4.034701,2.7894502,-1.1464306,3.7638798,3.1755035,-2.6492703,5.196008,-0.6375404,-0.8632603,-6.586624,0.8791116,0.8898978,4.2270737,1.4700198,-3.9989736,0.49462155,5.04952,-1.4827137,-1.6756151,-0.14827247,-2.0814898,5.6516685,0.9432904,0.17694229,0.6597583,-0.2632308,-0.189221,-0.25086552,-0.81320894,-1.5960307,-0.5118841,1.4821881,-0.64801574,-1.2213093,-1.5312719,1.1142362,-0.48903304,0.5448954,1.4644,0.5931115,-0.36020684,-0.17652884,-0.26921228,-0.513692,0.72471803,0.68862814,1.4823122,-0.18929185,-0.8702419,-0.08818628
7,Aromasin (Exemestane),C=C1CC2C(CCC3(C)C(=O)CCC23)C2(C)C=CC(=O)C=C12,CHEMBL1200374,,6.0225177,1.1700306,-5.943704,-2.2235339,4.766893,2.6312754,-7.0829597,-2.078282,1.0446202,1.5448605,0.7224798,-0.010037288,0.13121454,2.6755424,0.90954477,-0.5511129,4.0651875,-0.44538432,-1.0124282,-3.6563797,4.29895,1.9456987,2.570996,-0.27902904,3.3284054,3.926403,2.1792815,4.4232655,0.14376591,1.1504023,-0.553167,-0.5580137,-0.014711261,-0.212701,2.1075523,-1.3596597,1.7997785,-1.1282904,0.7543981,0.14961305,0.7964113,0.18221271,0.34817678,2.0283701,1.8914618,0.52896166,-0.20308633,2.6174924,-1.3726733,0.15464318,-0.1580678,-0.10366878,0.4190511,0.25872973,-0.77492934,1.4808824
8,Capecitabine,CCCCCOC(=O)Nc1nc(=O)n(C2OC(C)C(O)C2O)cc1F,CHEMBL1773,60953.0,-3.4601588,0.46240872,0.36258072,1.421077,3.6395526,-4.263109,-3.6694841,5.6128216,-0.89166176,-1.0660816,-0.82277346,2.8430605,2.536516,10.178171,3.7467594,5.2702026,-0.8433443,1.9249883,-3.8892777,-0.73292565,5.7343793,-8.144276,1.9431446,-3.924224,-3.5855186,-2.1539116,4.248461,-1.001442,0.28381956,-0.017017044,-0.65934455,0.41939664,0.8391073,0.016275823,-0.18876664,0.98231786,0.6583351,-0.5622322,1.0877278,-0.47747263,-0.90648,0.8139148,0.08293485,0.2793215,2.1047986,-0.0993834,-0.4457928,0.40550876,-0.09046183,0.47925562,0.25542727,0.5280423,0.51756227,-0.34972396,0.28358313,-0.1957593
9,Cyclophosphamide,O=P1(N(CCCl)CCCl)NCCCO1,CHEMBL88,2907.0,-1.2701818,0.08571723,0.7470217,-0.43921837,-3.049411,3.3846343,0.38521144,-3.2716112,-0.6604136,-0.06032373,-0.95721483,4.355079,1.9873313,6.2867866,-1.9827534,3.1523764,0.57033324,5.0684223,2.8353863,1.457892,-5.293995,-0.83498615,4.5142746,-1.2707752,0.18180625,3.9210439,1.9031914,1.5785054,-1.5849754,-0.20160508,-0.2736142,0.7822959,0.8221086,0.665097,0.061521344,0.39165875,0.619155,0.30930883,0.5221478,-0.89287114,1.505483,0.35460585,0.8114139,0.3288784,1.6461384,0.104835846,0.0032218397,-0.30492812,-0.9627843,0.30919594,0.38329175,0.13090353,1.0667582,1.1281327,0.43796545,0.121636644
10,Docetaxel,CC(=O)OC12COC1CC(O)C1(C)C(=O)C(O)C3=C(C)C(OC(=O)C(O)C(NC(=O)OC(C)(C)C)c4ccccc4)CC(O)(C(OC(=O)c4ccccc4)C21)C3(C)C,CHEMBL3545252,148124.0,-4.8127728,7.7749124,-0.2151672,-0.9855166,14.428181,-6.2907553,-3.8059907,-3.6481395,2.0131323,7.1117196,4.989245,7.70707,3.6680183,0.5313916,15.776283,-0.29857698,1.0712684,-4.0241327,-0.93512654,1.5362818,1.0091797,-1.769364,12.461505,2.8900785,6.939343,3.9664912,0.47500962,8.080043,0.6350753,0.2284851,-0.019545227,0.46980757,0.254271,0.15632838,0.39760876,-0.18702999,0.60015285,-0.06979437,-0.12561382,0.29468197,-0.03572526,0.24491864,-0.007845845,0.4975263,1.3788022,0.30001065,-0.071089506,0.46249652,-0.7997659,0.04207761,-0.36503306,0.54983616,0.9562039,0.48150197,-0.09056284,0.38491789
11,Doxorubicin Hydrochloride,COc1cccc2c1C(=O)c1c(O)c3c(c(O)c1C2=O)CC(O)(C(=O)CO)CC3OC1CC(N)C(O)C(C)O1.Cl,CHEMBL359744,443939.0,-2.5293174,3.1930053,0.07237898,-1.7687807,8.158602,-4.878851,2.6270952,-0.07632284,-3.6389134,1.3133931,-0.28549248,2.1379294,2.0797884,6.3584356,16.648624,2.1301756,3.6581054,-0.4592836,0.493858,1.3583727,8.496842,-2.7169971,3.4820745,2.9340208,5.2598543,5.9196773,-0.3259471,4.2936916,0.13843775,-0.6613863,-0.033195414,0.101607785,1.1674614,-0.31518453,0.26005596,-0.03515778,0.19857106,-0.5053241,-1.2007922,-0.9103395,-0.49400556,1.5218092,0.30277702,-1.1430568,1.1946166,-1.7926311,-0.5402809,-0.2856247,0.70951605,0.04817971,-0.37515256,1.7146012,0.97343755,0.5207406,0.77686447,0.23754981
12,Ellence (Epirubicin Hydrochloride),COc1cccc2c1C(=O)c1c(O)c3c(c(O)c1C2=O)CC(O)(C(=O)CO)CC3OC1CC(N)C(O)C(C)O1.Cl,CHEMBL1200981,,-2.5293174,3.1930053,0.07237898,-1.7687807,8.158602,-4.878851,2.6270952,-0.07632284,-3.6389134,1.3133931,-0.28549248,2.1379294,2.0797884,6.3584356,16.648624,2.1301756,3.6581054,-0.4592836,0.493858,1.3583727,8.496842,-2.7169971,3.4820745,2.9340208,5.2598543,5.9196773,-0.3259471,4.2936916,0.13843775,-0.6613863,-0.033195414,0.101607785,1.1674614,-0.31518453,0.26005596,-0.03515778,0.19857106,-0.5053241,-1.2007922,-0.9103395,-0.49400556,1.5218092,0.30277702,-1.1430568,1.1946166,-1.7926311,-0.5402809,-0.2856247,0.70951605,0.04817971,-0.37515256,1.7146012,0.97343755,0.5207406,0.77686447,0.23754981
13,Epirubicin Hydrochloride,COc1cccc2c1C(=O)c1c(O)c3c(c(O)c1C2=O)CC(O)(C(=O)CO)CC3OC1CC(N)C(O)C(C)O1.Cl,CHEMBL1200981,65348.0,-2.5293174,3.1930053,0.07237898,-1.7687807,8.158602,-4.878851,2.6270952,-0.07632284,-3.6389134,1.3133931,-0.28549248,2.1379294,2.0797884,6.3584356,16.648624,2.1301756,3.6581054,-0.4592836,0.493858,1.3583727,8.496842,-2.7169971,3.4820745,2.9340208,5.2598543,5.9196773,-0.3259471,4.2936916,0.13843775,-0.6613863,-0.033195414,0.101607785,1.1674614,-0.31518453,0.26005596,-0.03515778,0.19857106,-0.5053241,-1.2007922,-0.9103395,-0.49400556,1.5218092,0.30277702,-1.1430568,1.1946166,-1.7926311,-0.5402809,-0.2856247,0.70951605,0.04817971,-0.37515256,1.7146012,0.97343755,0.5207406,0.77686447,0.23754981
14,Eribulin Mesylate,C=C1CC2CCC34CC5OC6C(OC7CCC(CC(=O)CC8C(CC9OC(CCC1O2)CC(C)C9=C)OC(CC(O)CN)C8OC)OC7C6O3)C5O4.CS(=O)(=O)O,CHEMBL1683544,17755248.0,6.418153,3.5753686,-3.9491234,-5.753838,5.2288713,0.14448097,-2.6020243,-5.1654077,-0.6600442,5.0665336,5.2638636,3.0999496,4.7239976,4.460534,7.983953,0.7325091,-2.0733888,3.8253896,-2.0287347,3.236803,2.3039944,-1.4297738,8.945304,0.09136107,-1.7329849,3.629118,-2.8544102,3.9973638,-1.1113454,1.1881475,-0.22468656,-0.42754036,0.7168209,-0.8676586,-0.028239554,-0.22402586,1.0555493,-0.8386721,-0.5645208,-1.1439716,-1.5928504,1.7624815,0.5422973,1.0504628,1.4843186,-1.3613135,0.19190502,0.83605766,-0.51561856,0.5682971,-1.1540985,1.277272,0.8955644,-0.559471,-0.23007505,1.5331371
15,Everolimus,COC1CC2CCC(C)C(O)(O2)C(=O)C(=O)N2CCCCC2C(=O)OC(C(C)CC2CCC(OCCO)C(OC)C2)CC(=O)C(C)C=C(C)C(O)C(OC)C(=O)C(C)CC(C)C=CC=CC=C1C,CHEMBL1908360,6442177.0,-2.3397913,3.1098828,-3.220647,-8.078021,16.61303,-5.772609,-3.6899376,3.0751615,4.675328,8.073236,2.4449198,-0.12140788,5.464613,7.639888,11.58157,0.5880479,-1.239159,-5.453928,1.2194382,-0.9655181,2.654146,0.48101303,14.141373,4.6784234,-4.473767,15.415462,6.002307,11.017849,-0.3609493,0.40440214,-0.95064193,0.07623937,0.55693376,-0.55939066,-0.10097468,0.2047664,1.0240141,-0.95858586,0.7919281,-1.2429941,-0.20588046,1.3077847,-0.08496048,0.76508087,1.9557786,-0.59269303,1.0481741,0.3219266,-0.64145374,-0.82226187,-0.6103103,0.38671145,0.62708586,-0.75869834,0.42450553,0.12514785
16,Exemestane,C=C1CC2C(CCC3(C)C(=O)CCC23)C2(C)C=CC(=O)C=C12,CHEMBL1200374,60198.0,6.0225177,1.1700306,-5.943704,-2.2235339,4.766893,2.6312754,-7.0829597,-2.078282,1.0446202,1.5448605,0.7224798,-0.010037288,0.13121454,2.6755424,0.90954477,-0.5511129,4.0651875,-0.44538432,-1.0124282,-3.6563797,4.29895,1.9456987,2.570996,-0.27902904,3.3284054,3.926403,2.1792815,4.4232655,0.14376591,1.1504023,-0.553167,-0.5580137,-0.014711261,-0.212701,2.1075523,-1.3596597,1.7997785,-1.1282904,0.7543981,0.14961305,0.7964113,0.18221271,0.34817678,2.0283701,1.8914618,0.52896166,-0.20308633,2.6174924,-1.3726733,0.15464318,-0.1580678,-0.10366878,0.4190511,0.25872973,-0.77492934,1.4808824
17,5-FU (Fluorouracil Injection),O=c1[nH]cc(F)c(=O)[nH]1,CHEMBL185,,-1.4043878,-0.5290624,-1.8705449,-1.0062958,-3.832553,1.2596962,3.9129293,-4.443344,-4.4786954,2.0328023,0.92142653,-0.73912287,-2.872272,6.1567883,-0.5877627,-0.026333135,0.80338484,-1.2839124,3.0468853,-2.3926075,3.5527706,1.2046382,0.9512883,0.26535544,-2.010093,-1.7637699,3.3889024,-0.30787423,1.3795781,-0.30205184,-1.0115488,-1.8298873,0.61365724,0.6253415,0.94055516,1.6951709,1.0473483,0.21099533,0.8148986,0.10352651,0.6296898,-0.16636948,-1.5523903,0.5720654,2.571132,1.386392,-0.7296855,1.6557552,-2.2010067,0.5238616,-0.6091308,0.8524889,0.5843102,-1.1080788,-0.04465214,-1.2088622
18,Fareston (Toremifene),CN(C)CCOc1ccc(C(=C(CCCl)c2ccccc2)c2ccccc2)cc1,CHEMBL1655,,-2.0404751,-0.7675551,6.6140695,-3.9601443,1.1758978,0.29917374,-3.3284075,-0.03090474,3.4690056,-0.21250536,3.097347,-1.0805391,-1.4850506,-1.2301673,-0.6804825,0.21007614,-2.8443801,1.4404271,3.9384902,3.4276855,-4.7649565,-3.4697843,5.7023926,1.7402159,0.80315506,1.7487446,-2.3945737,1.989141,-0.009791409,-0.027851753,-0.25152788,0.52872634,0.47007096,0.2812308,0.37538928,-0.47016513,0.153038,0.3132776,0.13450661,0.85867757,0.27062425,0.8292929,0.036095463,0.43290624,1.0803794,-0.4044222,0.07155092,-0.13065463,-0.14953578,-0.47487283,0.3085952,0.32302067,0.034849517,-0.481859,-0.14485672,-0.007349521
19,Faslodex (Fulvestrant),CC12CCC3c4ccc(O)cc4CC(CCCCCCCCC[S+]([O-])CCCC(F)(F)C(F)(F)F)C3C1CCC2O,CHEMBL1712246,,6.6804686,-4.8339653,5.478124,9.786459,8.260137,3.4693751,-0.98131156,-0.033670798,12.984009,8.650271,-1.7775028,2.3209147,9.074054,8.902733,2.8684523,6.6571984,-2.2969038,-3.1500642,3.026114,-0.32071918,1.8587996,-4.7293267,0.42891765,1.844094,3.4942782,8.162536,-1.4851595,6.0765715,0.03318664,0.4332596,-0.5310634,0.30265927,0.92968786,0.34625956,0.5343125,-0.042201106,0.6026369,0.15866634,-0.23072925,-0.294391,0.15241334,0.5104744,0.10996578,-0.024201818,1.6352117,0.2505226,-0.741751,0.28786945,-0.6544192,-0.12538746,-0.04019379,0.7117392,0.82244503,-0.30507654,-0.17338592,0.12503171
20,Femara (Letrozole),N#Cc1ccc(C(c2ccc(C#N)cc2)n2cncn2)cc1,CHEMBL1444,,-2.5267441,-6.355952,1.1206,-1.2878058,1.4193213,3.0118535,-0.39784536,2.2627435,-1.1062293,0.7506054,4.869993,-3.609819,-0.60229,-0.09905006,-0.043610826,-5.7250447,0.7579409,4.3975143,3.437573,4.4049406,-2.5445218,1.1508697,1.7314727,0.4573377,2.871994,-1.0479879,-3.2990794,0.95012,0.02574023,0.0048436746,0.17496747,0.7759121,0.57273483,-1.1379974,0.55635667,-0.95880044,-0.085601084,0.58275753,0.4942167,1.5902721,0.83386016,2.0035467,-0.91980314,0.17969534,1.8035294,0.40464363,-0.3182572,-0.3905229,0.63356894,0.4383834,-1.008105,0.82172954,-0.6193999,0.0052487254,-0.42551136,0.2045926
21,Fulvestrant,CC12CCC3c4ccc(O)cc4CC(CCCCCCCCCS(=O)CCCC(F)(F)C(F)(F)F)C3C1CCC2O,CHEMBL1358,104741.0,6.135058,-3.6694362,5.5708785,9.9113,8.602922,4.1483684,0.7717742,-0.73488176,11.942218,8.678552,-1.5336342,1.7428621,9.267518,6.856982,1.0173911,6.1363487,-2.643767,-1.7550876,3.3762488,-0.3516274,0.21255068,-6.190309,0.30628264,1.7760165,3.7913096,8.152276,-0.4429794,4.970209,0.08124585,0.4613388,-0.5660398,0.2986533,0.9378482,0.3204289,0.57430464,0.013144143,0.5834698,0.2015528,-0.21744274,-0.32395652,0.11326302,0.56378275,0.11082404,0.020619486,1.6025001,0.22479299,-0.7280395,0.2841263,-0.67426354,-0.13651368,-0.079622306,0.74762547,0.8404191,-0.30166203,-0.08524327,0.1311398
22,Gemcitabine Hydrochloride,Cl.Nc1ccn(C2OC(CO)C(O)C2(F)F)c(=O)n1,CHEMBL1637,60749.0,-3.7140522,0.15956318,-1.5351883,0.5491182,-1.4432553,-0.72487885,1.4960122,-1.690715,-3.9544709,-3.0408125,2.518744,2.337449,2.2630982,7.1378922,3.0096643,5.078614,3.1388094,-2.9654033,-3.8805664,3.179088,2.053827,-3.4474254,5.2353163,0.8050817,-3.7358053,4.0845113,0.16620904,0.02193579,-0.31208336,0.212886,0.017259799,0.37854394,-0.030444562,0.91478443,0.4668803,0.2291829,0.24808124,-0.42181167,-0.26320934,-1.0054646,-0.64108217,1.3160201,0.22560802,0.5646902,1.8074179,0.05490998,0.46550518,-1.1354052,0.946792,-0.479353,0.06444491,0.3218691,0.90950745,-0.18903582,-0.0060605914,-0.07065801
23,Gemzar (Gemcitabine Hydrochloride),Cl.Nc1ccn(C2OC(CO)C(O)C2(F)F)c(=O)n1,CHEMBL1637,,-3.7140522,0.15956318,-1.5351883,0.5491182,-1.4432553,-0.72487885,1.4960122,-1.690715,-3.9544709,-3.0408125,2.518744,2.337449,2.2630982,7.1378922,3.0096643,5.078614,3.1388094,-2.9654033,-3.8805664,3.179088,2.053827,-3.4474254,5.2353163,0.8050817,-3.7358053,4.0845113,0.16620904,0.02193579,-0.31208336,0.212886,0.017259799,0.37854394,-0.030444562,0.91478443,0.4668803,0.2291829,0.24808124,-0.42181167,-0.26320934,-1.0054646,-0.64108217,1.3160201,0.22560802,0.5646902,1.8074179,0.05490998,0.46550518,-1.1354052,0.946792,-0.479353,0.06444491,0.3218691,0.90950745,-0.18903582,-0.0060605914,-0.07065801
24,Goserelin Acetate,CC(=O)O.CC(C)CC(NC(=O)C(COC(C)(C)C)NC(=O)C(Cc1ccc(O)cc1)NC(=O)C(CO)NC(=O)C(Cc1c[nH]c2ccccc12)NC(=O)C(Cc1cnc[nH]1)NC(=O)C1CCC(=O)N1)C(=O)NC(CCCN=C(N)N)C(=O)N1CCCC1C(=O)NNC(N)=O,CHEMBL1200501,16052011.0,1.568463,2.3760898,-4.0386868,-3.1800742,-0.6613201,-0.5168565,0.5397305,-2.0918424,-4.523154,-0.23913746,-1.9244996,-2.2932677,1.0663013,2.7865202,-0.70513856,0.6012281,-1.1927632,-0.64166677,2.4123251,-1.3386607,1.8529761,1.3834182,-0.41132557,1.1531041,1.7685938,-2.0468073,2.8721695,-0.7042531,-0.39021838,0.34399834,-0.45145893,0.2935158,0.86872923,1.1367242,0.73193204,-0.63791305,0.19987148,0.20679362,-0.36235097,-0.0063309744,0.6234808,0.1326214,-0.014438797,0.2510587,1.0070564,-0.46282214,-0.5926358,0.52768487,-0.47506237,-0.107224405,-0.2593815,0.4004088,0.55201095,-0.852456,0.007298702,0.2185486
25,Halaven (Eribulin Mesylate),C=C1CC2CCC34CC5OC6C(OC7CCC(CC(=O)CC8C(CC9OC(CCC1O2)CC(C)C9=C)OC(CC(O)CN)C8OC)OC7C6O3)C5O4.CS(=O)(=O)O,CHEMBL1683544,,6.418153,3.5753686,-3.9491234,-5.753838,5.2288713,0.14448097,-2.6020243,-5.1654077,-0.6600442,5.0665336,5.2638636,3.0999496,4.7239976,4.460534,7.983953,0.7325091,-2.0733888,3.8253896,-2.0287347,3.236803,2.3039944,-1.4297738,8.945304,0.09136107,-1.7329849,3.629118,-2.8544102,3.9973638,-1.1113454,1.1881475,-0.22468656,-0.42754036,0.7168209,-0.8676586,-0.028239554,-0.22402586,1.0555493,-0.8386721,-0.5645208,-1.1439716,-1.5928504,1.7624815,0.5422973,1.0504628,1.4843186,-1.3613135,0.19190502,0.83605766,-0.51561856,0.5682971,-1.1540985,1.277272,0.8955644,-0.559471,-0.23007505,1.5331371
26,Ibrance (Palbociclib),CC(=O)c1c(C)c2cnc(Nc3ccc(N4CCNCC4)cn3)nc2n(C2CCCC2)c1=O.O=S(=O)(O)CCO,CHEMBL2364621,,-0.43914047,4.700818,2.0163176,1.4419389,-0.6047938,-3.0133126,-5.059303,2.7180202,-0.6700554,2.371141,1.021794,5.794629,2.969584,2.1699507,0.23352008,-3.0885453,0.6471041,-0.91026515,-0.40589324,-1.7273562,4.224461,2.881483,0.48149854,-1.1220946,-2.944895,3.5584903,0.23820305,6.716737,0.6149462,-0.39340803,-0.9427309,-0.71933895,0.8387892,0.6024097,0.74528867,-0.06118227,0.5859413,-0.22446083,-0.04409342,-0.0911329,0.13791445,0.8124019,0.58674836,0.15466735,1.7994033,-0.58279,-0.3223086,-1.079965,-0.1919834,-0.25820577,1.246876,-0.30848786,-0.016720742,0.27004677,0.17852262,0.45833233
27,Infugem (Gemcitabine Hydrochloride),Cl.Nc1ccn(C2OC(CO)C(O)C2(F)F)c(=O)n1,CHEMBL1637,,-3.7140522,0.15956318,-1.5351883,0.5491182,-1.4432553,-0.72487885,1.4960122,-1.690715,-3.9544709,-3.0408125,2.518744,2.337449,2.2630982,7.1378922,3.0096643,5.078614,3.1388094,-2.9654033,-3.8805664,3.179088,2.053827,-3.4474254,5.2353163,0.8050817,-3.7358053,4.0845113,0.16620904,0.02193579,-0.31208336,0.212886,0.017259799,0.37854394,-0.030444562,0.91478443,0.4668803,0.2291829,0.24808124,-0.42181167,-0.26320934,-1.0054646,-0.64108217,1.3160201,0.22560802,0.5646902,1.8074179,0.05490998,0.46550518,-1.1354052,0.946792,-0.479353,0.06444491,0.3218691,0.90950745,-0.18903582,-0.0060605914,-0.07065801
28,Ixabepilone,CC(=Cc1csc(C)n1)C1CC2OC2(C)CCCC(C)C(O)C(C)C(=O)C(C)(C)C(O)CC(=O)N1,CHEMBL1201752,6445540.0,-3.808428,5.4945273,-7.209748,-4.6020536,6.3332696,-1.934992,-0.40101752,-0.63445,1.9630457,5.949959,5.1098785,-0.46805006,8.854532,6.1967397,2.4743545,-1.953803,3.2112737,-5.579032,1.7343639,-0.3050267,3.6209226,-1.4602493,8.245014,-4.200502,0.74285567,5.0334616,1.2906348,6.7959976,0.47061133,-0.2778497,0.49304998,-1.306851,-0.26355603,0.20031084,0.8495558,-1.1191165,0.40239787,-0.9069856,-0.032874454,-0.53685516,-0.6925314,0.43642336,-0.35400957,-0.20725136,2.1196842,-0.37151095,0.6222935,-0.31123817,-0.5667601,-0.84821403,-0.03788998,1.0873128,1.194632,-0.2589323,0.3157199,-0.7505467
29,Ixempra (Ixabepilone),CC(=Cc1csc(C)n1)C1CC2OC2(C)CCCC(C)C(O)C(C)C(=O)C(C)(C)C(O)CC(=O)N1,CHEMBL1201752,,-3.808428,5.4945273,-7.209748,-4.6020536,6.3332696,-1.934992,-0.40101752,-0.63445,1.9630457,5.949959,5.1098785,-0.46805006,8.854532,6.1967397,2.4743545,-1.953803,3.2112737,-5.579032,1.7343639,-0.3050267,3.6209226,-1.4602493,8.245014,-4.200502,0.74285567,5.0334616,1.2906348,6.7959976,0.47061133,-0.2778497,0.49304998,-1.306851,-0.26355603,0.20031084,0.8495558,-1.1191165,0.40239787,-0.9069856,-0.032874454,-0.53685516,-0.6925314,0.43642336,-0.35400957,-0.20725136,2.1196842,-0.37151095,0.6222935,-0.31123817,-0.5667601,-0.84821403,-0.03788998,1.0873128,1.194632,-0.2589323,0.3157199,-0.7505467
30,Kisqali (Ribociclib),CN(C)C(=O)c1cc2cnc(Nc3ccc(N4CCNCC4)cn3)nc2n1C1CCCC1,CHEMBL3545110,,-1.0720298,0.17669949,4.7486715,-1.2736921,-0.9421544,-4.1702356,-1.0394492,4.2895117,-2.9789793,-3.4688497,-0.65294355,7.78275,0.9467671,-0.12471004,0.5259488,0.010902736,-1.056626,-1.6708083,-1.9274312,-0.42648762,1.8190664,3.1716146,-0.14181095,-0.28600755,-3.1139448,6.345923,-2.5500412,2.877406,0.32090542,-0.024693862,-1.3896874,-0.7883541,0.29891974,0.7628771,0.60689723,-0.566453,0.7905871,-0.21383882,-0.021556558,-0.4129515,0.031853855,1.0489117,0.36138287,0.37360764,1.86204,0.11176775,-0.45509154,-0.35539335,-0.5067585,-0.13304953,1.0455406,-0.2704921,-0.11833428,-0.17702043,0.21064262,0.16608837
31,Lapatinib Ditosylate,CS(=O)(=O)CCNCc1ccc(-c2ccc3ncnc(Nc4ccc(OCc5cccc(F)c5)c(Cl)c4)c3c2)o1.Cc1ccc(S(=O)(=O)O)cc1.Cc1ccc(S(=O)(=O)O)cc1,CHEMBL1201179,9941095.0,3.2993958,-0.48383093,9.912555,0.47908956,1.0835282,3.9094803,-4.23331,3.809793,5.1726756,0.2632665,0.2891649,2.3857627,0.83614266,3.0633106,2.6927493,-2.0028589,1.0711917,-3.6218688,-0.08727969,-1.0142242,0.14738391,-6.7217183,-0.25169522,-0.42247084,0.9793309,5.4595337,-5.3518667,-3.7680287,-0.5483369,0.15837148,-0.51690805,1.0786332,0.09684405,0.2350633,0.46087882,-0.94355726,0.29338613,-0.09660639,0.32075325,0.054689534,0.3832153,1.0019081,0.38166058,-0.10286375,1.6934435,-0.3684594,0.3191242,0.120318495,0.47645706,0.13737097,0.46925244,0.78246665,-0.44155163,-0.7603384,-0.4185151,-0.09203872
32,Letrozole,N#Cc1ccc(C(c2ccc(C#N)cc2)n2cncn2)cc1,CHEMBL1444,3902.0,-2.5267441,-6.355952,1.1206,-1.2878058,1.4193213,3.0118535,-0.39784536,2.2627435,-1.1062293,0.7506054,4.869993,-3.609819,-0.60229,-0.09905006,-0.043610826,-5.7250447,0.7579409,4.3975143,3.437573,4.4049406,-2.5445218,1.1508697,1.7314727,0.4573377,2.871994,-1.0479879,-3.2990794,0.95012,0.02574023,0.0048436746,0.17496747,0.7759121,0.57273483,-1.1379974,0.55635667,-0.95880044,-0.085601084,0.58275753,0.4942167,1.5902721,0.83386016,2.0035467,-0.91980314,0.17969534,1.8035294,0.40464363,-0.3182572,-0.3905229,0.63356894,0.4383834,-1.008105,0.82172954,-0.6193999,0.0052487254,-0.42551136,0.2045926
33,Lynparza (Olaparib),O=C(c1cc(Cc2n[nH]c(=O)c3ccccc23)ccc1F)N1CCN(C(=O)C2CC2)CC1,CHEMBL521686,,-3.0247445,-5.8892136,0.7590476,3.0130193,-0.77803236,-0.6965627,1.8673346,3.2658794,1.8264092,4.34795,1.6801254,1.2141981,-1.141427,2.979221,1.0340333,-1.3691198,0.526395,1.8117111,2.7661269,-1.4894347,0.0371363,3.8996878,2.3313599,2.7510073,1.8853426,-0.2768492,-0.59254223,2.6095712,0.46541783,0.12211702,0.50300246,0.066176295,0.8464515,0.78248715,0.9800989,-0.4190021,0.07335125,0.055718105,-0.34940648,-1.0145149,0.3858673,0.009686068,-0.18866351,-0.9572452,1.633513,0.81247634,-0.64815027,0.4700506,-0.45004946,0.14073241,0.52582383,-0.2224147,0.42184985,-1.0822932,0.409751,-0.28619537
34,Megestrol Acetate,CC(=O)OC1(C(C)=O)CCC2C3C=C(C)C4=CC(=O)CCC4(C)C3CCC21C,CHEMBL1201139,11683.0,-0.34498718,4.615684,-7.0882683,-3.319867,4.85823,1.3152874,2.368102,2.4803197,3.970338,0.9428284,0.22508658,3.4761877,2.8210766,1.3989648,3.3573167,1.9656744,1.5575184,-4.5092697,2.2525258,-1.0939367,4.9011984,1.0655853,0.72464067,1.2415004,7.8759875,0.1042248,1.483162,4.149764,0.37014169,0.4016786,-0.9799648,0.39778477,0.8742248,-0.2959991,1.4217076,-1.338909,1.6163533,-0.7758019,0.47519973,0.6438273,0.7211876,-0.23180018,0.46728632,1.7380953,1.9464324,0.32366243,-0.65330726,1.4605297,-0.9767217,-0.18079579,-0.21362561,-0.57557905,0.44534868,0.87396955,-0.70181495,1.047203
35,Methotrexate Sodium,CN(Cc1cnc2nc(N)nc(N)c2n1)c1ccc(C(=O)NC(CCC(=O)[O-])C(=O)[O-])cc1.[Na+].[Na+],CHEMBL3244648,11329481.0,-1.5774331,-8.1027355,3.4834244,-1.8701973,1.4038326,-4.3880777,-0.06663559,1.7095773,3.7068574,3.4340498,3.7175438,6.8862305,3.860801,0.52426237,0.30972558,3.6528823,-0.43579012,-2.2291367,-3.803783,0.12894863,-2.9312737,-3.090908,1.770371,0.45626393,0.68544006,2.7574525,-6.113268,1.4487715,-0.06920101,-0.38230938,-0.6489406,0.28232458,0.13219626,0.6342182,0.37455827,-0.46236145,-0.40753543,0.3932809,0.557004,0.09246082,1.1930623,0.674998,0.21799144,0.3729471,1.7135831,-0.21063942,-0.41796106,-0.5015587,0.08345439,-0.032243654,-0.03679254,0.586094,-0.13231494,-0.21380898,-0.2915083,-0.008487016
36,Neratinib Maleate,CCOc1cc2ncc(C#N)c(Nc3ccc(OCc4ccccn4)c(Cl)c3)c2cc1NC(=O)C=CCN(C)C.O=C(O)C=CC(=O)O,CHEMBL3989921,67307512.0,-1.8561136,3.1305807,8.153264,-1.4877493,2.6102488,-2.0072005,-6.725974,1.3109246,3.9431984,0.13762264,0.2923783,2.1653247,5.3578267,1.1091741,8.093613,3.7225084,1.3228011,2.9046948,-5.0384617,-0.30433273,-6.2297907,-1.8761355,-1.5740328,-5.090398,-1.634924,5.077089,-1.8928975,1.9636142,-0.42040655,0.53329635,-0.7966946,1.2774867,0.21971291,0.168818,0.48039252,-0.12626538,0.11077881,0.24730586,0.72912365,0.29654756,-0.045151126,-0.062159076,0.46537367,-0.030325588,1.9629712,-0.08786348,0.81588465,0.34350234,-0.39066738,0.33482835,0.12363159,0.43955356,0.17253765,0.018598877,0.11474518,0.671301
37,Nerlynx (Neratinib Maleate),CCOc1cc2ncc(C#N)c(Nc3ccc(OCc4ccccn4)c(Cl)c3)c2cc1NC(=O)C=CCN(C)C.O=C(O)C=CC(=O)O,CHEMBL3989921,,-1.8561136,3.1305807,8.153264,-1.4877493,2.6102488,-2.0072005,-6.725974,1.3109246,3.9431984,0.13762264,0.2923783,2.1653247,5.3578267,1.1091741,8.093613,3.7225084,1.3228011,2.9046948,-5.0384617,-0.30433273,-6.2297907,-1.8761355,-1.5740328,-5.090398,-1.634924,5.077089,-1.8928975,1.9636142,-0.42040655,0.53329635,-0.7966946,1.2774867,0.21971291,0.168818,0.48039252,-0.12626538,0.11077881,0.24730586,0.72912365,0.29654756,-0.045151126,-0.062159076,0.46537367,-0.030325588,1.9629712,-0.08786348,0.81588465,0.34350234,-0.39066738,0.33482835,0.12363159,0.43955356,0.17253765,0.018598877,0.11474518,0.671301
38,Olaparib,O=C(c1cc(Cc2n[nH]c(=O)c3ccccc23)ccc1F)N1CCN(C(=O)C2CC2)CC1,CHEMBL521686,23725625.0,-3.0247445,-5.8892136,0.7590476,3.0130193,-0.77803236,-0.6965627,1.8673346,3.2658794,1.8264092,4.34795,1.6801254,1.2141981,-1.141427,2.979221,1.0340333,-1.3691198,0.526395,1.8117111,2.7661269,-1.4894347,0.0371363,3.8996878,2.3313599,2.7510073,1.8853426,-0.2768492,-0.59254223,2.6095712,0.46541783,0.12211702,0.50300246,0.066176295,0.8464515,0.78248715,0.9800989,-0.4190021,0.07335125,0.055718105,-0.34940648,-1.0145149,0.3858673,0.009686068,-0.18866351,-0.9572452,1.633513,0.81247634,-0.64815027,0.4700506,-0.45004946,0.14073241,0.52582383,-0.2224147,0.42184985,-1.0822932,0.409751,-0.28619537
39,Paclitaxel,CC(=O)OC1C(=O)C2(C)C(O)CC3OCC3(OC(C)=O)C2C(OC(=O)c2ccccc2)C2(O)CC(OC(=O)C(O)C(NC(=O)c3ccccc3)c3ccccc3)C(C)=C1C2(C)C,CHEMBL428647,36314.0,-7.150333,9.9965925,2.994817,1.408019,13.310491,-6.6096997,-1.7898257,-4.140256,0.21136841,8.896896,3.8296936,5.547561,1.1800364,-0.6271957,15.647297,-2.3967786,-2.7895973,-3.4981065,-2.2362256,-0.44236606,0.9812164,-0.06545253,14.690649,3.1606846,8.765574,4.6137977,0.10865659,7.8827963,0.5680017,0.13897103,0.0011871085,0.47079152,0.24527319,-0.023256004,0.37557548,0.026606461,0.64769655,-0.036702886,0.15288931,0.07197416,-0.0745267,0.24286596,-0.030681185,0.69784373,1.4346685,0.26265723,0.11011207,0.30285943,-0.6291737,-0.072356895,-0.34509006,0.48908556,0.7091514,0.54029703,0.047485672,0.56603295
40,Palbociclib,CC(=O)c1c(C)c2cnc(Nc3ccc(N4CCNCC4)cn3)nc2n(C2CCCC2)c1=O,CHEMBL189963,5330286.0,-0.43914047,4.700818,2.0163176,1.4419389,-0.6047938,-3.0133126,-5.059303,2.7180202,-0.6700554,2.371141,1.021794,5.794629,2.969584,2.1699507,0.23352008,-3.0885453,0.6471041,-0.91026515,-0.40589324,-1.7273562,4.224461,2.881483,0.48149854,-1.1220946,-2.944895,3.5584903,0.23820305,6.716737,0.7966193,-0.46275988,-1.2040983,-0.84004396,0.94546473,0.6330769,0.86170906,-0.18391995,0.7176623,-0.3301387,-0.023121426,-0.029240541,-0.009767391,0.867799,0.4945225,0.189441,1.76057,-0.6386544,-0.31046528,-1.4114126,-0.33160907,-0.27763197,1.7004579,-0.2705861,-0.1726392,0.38232386,0.2068555,0.6436933
41,Pamidronate Disodium,NCCC(O)(P(=O)([O-])O)P(=O)([O-])O.[Na+].[Na+],CHEMBL3989401,73351.0,0.2697828,-0.49050474,1.9115503,-3.2179015,2.1214292,-2.9168649,-2.9141495,-2.75066,-1.4483346,-5.6056657,2.2284613,0.15535884,0.95991814,5.0235047,3.8555317,5.60287,-2.8907092,-1.9193757,2.5865257,1.0312248,0.10651542,1.3184632,12.497761,-6.2531905,0.7901505,2.4247851,-1.8940452,0.36223125,0.48578063,0.17304596,0.03556808,-0.15131654,0.1489507,0.33627403,-0.46487623,0.9977629,-0.31715238,0.42606875,0.2027558,-0.16167632,0.2521511,0.18832842,1.1447273,-0.0072452696,2.2245328,-0.24243939,-0.077677116,-0.74397457,-0.28628227,-0.14711559,0.27186975,0.9577575,0.030481562,-0.04492542,-0.6411119,0.18121895
42,Piqray (Alpelisib),Cc1nc(NC(=O)N2CCCC2C(N)=O)sc1-c1ccnc(C(C)(C)C(F)(F)F)c1,CHEMBL2396661,,-2.3257756,-3.9072115,-6.7458773,4.415395,4.848088,2.2417674,-3.1816597,1.1423653,0.029752493,2.1789458,0.3526665,6.7950926,3.872318,-0.75853544,1.1987364,1.6201994,1.4536182,-3.559858,-2.9951925,2.4646482,-2.8176541,-2.5353856,2.8698587,-0.29887283,-2.8933065,0.7552451,-3.4995651,3.886562,-0.40064335,0.71661085,-0.33876655,-0.6939575,0.7077592,0.2233406,-0.1632428,-1.1027281,0.6760693,-1.1542815,-1.2134496,0.010867484,0.001398392,-0.14476644,0.3142509,-0.637141,1.2889404,-0.74677974,0.26370728,0.40412325,0.22491068,-0.30881223,-0.11017891,-0.59287214,0.7864083,-0.31642082,-0.61080855,0.5594856
43,Ribociclib,CN(C)C(=O)c1cc2cnc(Nc3ccc(N4CCNCC4)cn3)nc2n1C1CCCC1,CHEMBL3545110,44631912.0,-1.0720298,0.17669949,4.7486715,-1.2736921,-0.9421544,-4.1702356,-1.0394492,4.2895117,-2.9789793,-3.4688497,-0.65294355,7.78275,0.9467671,-0.12471004,0.5259488,0.010902736,-1.056626,-1.6708083,-1.9274312,-0.42648762,1.8190664,3.1716146,-0.14181095,-0.28600755,-3.1139448,6.345923,-2.5500412,2.877406,0.32090542,-0.024693862,-1.3896874,-0.7883541,0.29891974,0.7628771,0.60689723,-0.566453,0.7905871,-0.21383882,-0.021556558,-0.4129515,0.031853855,1.0489117,0.36138287,0.37360764,1.86204,0.11176775,-0.45509154,-0.35539335,-0.5067585,-0.13304953,1.0455406,-0.2704921,-0.11833428,-0.17702043,0.21064262,0.16608837
44,Soltamox (Tamoxifen Citrate),CCC(=C(c1ccccc1)c1ccc(OCCN(C)C)cc1)c1ccccc1.O=C(O)CC(O)(CC(=O)O)C(=O)O,CHEMBL786,,-3.1998816,-1.3902049,3.6443288,-3.1401393,3.795488,-0.98319507,0.43814668,1.24096,2.9167652,-1.7078264,-1.5593275,-1.9740479,0.9602581,2.4709852,-1.4508708,-3.5840464,-1.8846225,1.5779749,0.4829458,1.7613344,-1.4790376,-1.3158594,1.6176496,-0.35854757,7.63143,-5.278234,-5.034258,3.4421582,-0.15096693,0.15922838,-0.41558146,0.4455663,0.43098578,0.45335576,0.24352251,-0.27034,0.064210914,0.40546697,0.070392646,0.3680698,0.262365,0.6703469,0.19130749,0.45029423,1.0764735,-0.29575473,-0.0023810714,0.08775468,-0.07908425,-0.376908,0.37223917,0.3885156,0.028757527,-0.42298153,-0.11795498,-0.009939969
45,Talazoparib Tosylate,Cc1ccc(S(=O)(=O)O)cc1.Cn1ncnc1C1c2n[nH]c(=O)c3cc(F)cc(c23)NC1c1ccc(F)cc1,CHEMBL3137318,135565654.0,0.1300415,-0.05755496,-3.1224473,-1.9298096,1.0902346,0.32696602,2.782688,-3.1912584,-0.7507847,-2.0474234,-4.3396935,-3.7670937,-1.2339941,3.5470884,-0.40977895,-0.9343871,1.8504368,-1.0071596,1.8609186,-1.8815345,1.547144,-0.7615484,-1.3502879,-0.38466164,2.3833807,-1.4301786,2.4720852,1.0230498,-0.760721,-0.16692033,0.25070494,0.31284046,0.65609187,0.10797374,1.0166417,-0.6674499,0.111156434,-0.02180976,-0.38540894,0.45947325,1.1632824,1.3173975,0.26400217,0.1756215,0.59771067,0.21224824,-0.6299614,-0.7856975,0.2675122,0.7725046,-0.63177276,1.5984855,0.5878425,-0.58773196,-0.8041586,0.37980217
46,Talzenna (Talazoparib Tosylate),Cc1ccc(S(=O)(=O)O)cc1.Cn1ncnc1C1c2n[nH]c(=O)c3cc(F)cc(c23)NC1c1ccc(F)cc1,CHEMBL3137318,,0.1300415,-0.05755496,-3.1224473,-1.9298096,1.0902346,0.32696602,2.782688,-3.1912584,-0.7507847,-2.0474234,-4.3396935,-3.7670937,-1.2339941,3.5470884,-0.40977895,-0.9343871,1.8504368,-1.0071596,1.8609186,-1.8815345,1.547144,-0.7615484,-1.3502879,-0.38466164,2.3833807,-1.4301786,2.4720852,1.0230498,-0.760721,-0.16692033,0.25070494,0.31284046,0.65609187,0.10797374,1.0166417,-0.6674499,0.111156434,-0.02180976,-0.38540894,0.45947325,1.1632824,1.3173975,0.26400217,0.1756215,0.59771067,0.21224824,-0.6299614,-0.7856975,0.2675122,0.7725046,-0.63177276,1.5984855,0.5878425,-0.58773196,-0.8041586,0.37980217
47,Tamoxifen Citrate,CCC(=C(c1ccccc1)c1ccc(OCCN(C)C)cc1)c1ccccc1.O=C(O)CC(O)(CC(=O)O)C(=O)O,CHEMBL786,2733525.0,-3.1998816,-1.3902049,3.6443288,-3.1401393,3.795488,-0.98319507,0.43814668,1.24096,2.9167652,-1.7078264,-1.5593275,-1.9740479,0.9602581,2.4709852,-1.4508708,-3.5840464,-1.8846225,1.5779749,0.4829458,1.7613344,-1.4790376,-1.3158594,1.6176496,-0.35854757,7.63143,-5.278234,-5.034258,3.4421582,-0.15096693,0.15922838,-0.41558146,0.4455663,0.43098578,0.45335576,0.24352251,-0.27034,0.064210914,0.40546697,0.070392646,0.3680698,0.262365,0.6703469,0.19130749,0.45029423,1.0764735,-0.29575473,-0.0023810714,0.08775468,-0.07908425,-0.376908,0.37223917,0.3885156,0.028757527,-0.42298153,-0.11795498,-0.009939969
48,Taxotere (Docetaxel),CC(=O)OC12COC1CC(O)C1(C)C(=O)C(O)C3=C(C)C(OC(=O)C(O)C(NC(=O)OC(C)(C)C)c4ccccc4)CC(O)(C(OC(=O)c4ccccc4)C21)C3(C)C,CHEMBL92,,-4.8127728,7.7749124,-0.2151672,-0.9855166,14.428181,-6.2907553,-3.8059907,-3.6481395,2.0131323,7.1117196,4.989245,7.70707,3.6680183,0.5313916,15.776283,-0.29857698,1.0712684,-4.0241327,-0.93512654,1.5362818,1.0091797,-1.769364,12.461505,2.8900785,6.939343,3.9664912,0.47500962,8.080043,0.6350753,0.2284851,-0.019545227,0.46980757,0.254271,0.15632838,0.39760876,-0.18702999,0.60015285,-0.06979437,-0.12561382,0.29468197,-0.03572526,0.24491864,-0.007845845,0.4975263,1.3788022,0.30001065,-0.071089506,0.46249652,-0.7997659,0.04207761,-0.36503306,0.54983616,0.9562039,0.48150197,-0.09056284,0.38491789
49,Tepadina (Thiotepa),S=P(N1CC1)(N1CC1)N1CC1,CHEMBL671,,-0.09343812,1.4083753,-5.093223,-2.614678,-4.388225,4.1275573,-0.3931634,-3.7739403,-1.0456477,-4.207833,6.4382305,1.5925163,-3.0446224,6.309243,0.81503683,-0.464012,0.55113596,1.5460496,-3.2865705,1.7758508,-5.3095117,2.459384,5.275836,-0.9262101,3.9573247,6.2535696,-1.5909055,8.552962,0.020477505,-0.3733491,0.61984646,0.43205744,0.4176783,1.2885206,-0.21315311,-0.45826638,0.42375553,-0.5630225,0.11786817,-0.41174522,0.33648157,-0.5555961,-0.08470965,0.32856274,1.5302678,0.95059323,0.6920165,0.2112261,0.15339726,-0.71681005,0.7372248,0.0012304485,-0.077749684,-0.82089484,-0.23295341,0.20164412
50,Thiotepa,S=P(N1CC1)(N1CC1)N1CC1,CHEMBL671,5453.0,-0.09343812,1.4083753,-5.093223,-2.614678,-4.388225,4.1275573,-0.3931634,-3.7739403,-1.0456477,-4.207833,6.4382305,1.5925163,-3.0446224,6.309243,0.81503683,-0.464012,0.55113596,1.5460496,-3.2865705,1.7758508,-5.3095117,2.459384,5.275836,-0.9262101,3.9573247,6.2535696,-1.5909055,8.552962,0.020477505,-0.3733491,0.61984646,0.43205744,0.4176783,1.2885206,-0.21315311,-0.45826638,0.42375553,-0.5630225,0.11786817,-0.41174522,0.33648157,-0.5555961,-0.08470965,0.32856274,1.5302678,0.95059323,0.6920165,0.2112261,0.15339726,-0.71681005,0.7372248,0.0012304485,-0.077749684,-0.82089484,-0.23295341,0.20164412
51,Toremifene,CN(C)CCOc1ccc(C(=C(CCCl)c2ccccc2)c2ccccc2)cc1,CHEMBL1655,3005573.0,-2.0404751,-0.7675551,6.6140695,-3.9601443,1.1758978,0.29917374,-3.3284075,-0.03090474,3.4690056,-0.21250536,3.097347,-1.0805391,-1.4850506,-1.2301673,-0.6804825,0.21007614,-2.8443801,1.4404271,3.9384902,3.4276855,-4.7649565,-3.4697843,5.7023926,1.7402159,0.80315506,1.7487446,-2.3945737,1.989141,-0.009791409,-0.027851753,-0.25152788,0.52872634,0.47007096,0.2812308,0.37538928,-0.47016513,0.153038,0.3132776,0.13450661,0.85867757,0.27062425,0.8292929,0.036095463,0.43290624,1.0803794,-0.4044222,0.07155092,-0.13065463,-0.14953578,-0.47487283,0.3085952,0.32302067,0.034849517,-0.481859,-0.14485672,-0.007349521
52,Trexall (Methotrexate Sodium),CN(Cc1cnc2nc(N)nc(N)c2n1)c1ccc(C(=O)NC(CCC(=O)[O-])C(=O)[O-])cc1.[Na+].[Na+],CHEMBL3244648,,-1.5774331,-8.1027355,3.4834244,-1.8701973,1.4038326,-4.3880777,-0.06663559,1.7095773,3.7068574,3.4340498,3.7175438,6.8862305,3.860801,0.52426237,0.30972558,3.6528823,-0.43579012,-2.2291367,-3.803783,0.12894863,-2.9312737,-3.090908,1.770371,0.45626393,0.68544006,2.7574525,-6.113268,1.4487715,-0.06920101,-0.38230938,-0.6489406,0.28232458,0.13219626,0.6342182,0.37455827,-0.46236145,-0.40753543,0.3932809,0.557004,0.09246082,1.1930623,0.674998,0.21799144,0.3729471,1.7135831,-0.21063942,-0.41796106,-0.5015587,0.08345439,-0.032243654,-0.03679254,0.586094,-0.13231494,-0.21380898,-0.2915083,-0.008487016
53,Tucatinib,Cc1cc(Nc2ncnc3ccc(NC4=NC(C)(C)CO4)cc23)ccc1Oc1ccn2ncnc2c1,CHEMBL3989868,51039094.0,2.8476324,3.7665615,0.90576565,2.8641615,2.7266605,-2.6195726,-2.9713497,-2.3197122,-0.80180347,-2.5504665,4.6831794,1.5541792,-2.5179076,0.6165665,3.392818,-1.2804717,0.9162871,-1.3025466,-1.3052639,1.1378536,-0.76644105,-6.1733813,-5.413809,-1.040133,0.34022605,2.1111126,-7.341953,4.532215,0.0926757,1.041983,0.023793139,0.7674694,0.546823,0.16606006,-0.21669798,-1.4355694,-0.1395067,-0.28984874,0.51560825,0.016591825,-0.6997162,0.067966424,0.52203053,-0.3658114,2.6303706,-0.6314913,0.642263,0.3708042,0.19558823,0.25657082,1.1096472,-0.476725,-0.16161074,-0.34316567,-0.40512097,0.7901794
54,Tukysa (Tucatinib),Cc1cc(Nc2ncnc3ccc(NC4=NC(C)(C)CO4)cc23)ccc1Oc1ccn2ncnc2c1,CHEMBL3989868,,2.8476324,3.7665615,0.90576565,2.8641615,2.7266605,-2.6195726,-2.9713497,-2.3197122,-0.80180347,-2.5504665,4.6831794,1.5541792,-2.5179076,0.6165665,3.392818,-1.2804717,0.9162871,-1.3025466,-1.3052639,1.1378536,-0.76644105,-6.1733813,-5.413809,-1.040133,0.34022605,2.1111126,-7.341953,4.532215,0.0926757,1.041983,0.023793139,0.7674694,0.546823,0.16606006,-0.21669798,-1.4355694,-0.1395067,-0.28984874,0.51560825,0.016591825,-0.6997162,0.067966424,0.52203053,-0.3658114,2.6303706,-0.6314913,0.642263,0.3708042,0.19558823,0.25657082,1.1096472,-0.476725,-0.16161074,-0.34316567,-0.40512097,0.7901794
55,Tykerb (Lapatinib Ditosylate),CS(=O)(=O)CCNCc1ccc(-c2ccc3ncnc(Nc4ccc(OCc5cccc(F)c5)c(Cl)c4)c3c2)o1.Cc1ccc(S(=O)(=O)O)cc1.Cc1ccc(S(=O)(=O)O)cc1.O,CHEMBL1201179,,3.2993958,-0.48383093,9.912555,0.47908956,1.0835282,3.9094803,-4.23331,3.809793,5.1726756,0.2632665,0.2891649,2.3857627,0.83614266,3.0633106,2.6927493,-2.0028589,1.0711917,-3.6218688,-0.08727969,-1.0142242,0.14738391,-6.7217183,-0.25169522,-0.42247084,0.9793309,5.4595337,-5.3518667,-3.7680287,-0.5416328,0.16644147,-0.5204275,1.0635452,0.12201592,0.23217613,0.44793212,-0.94845206,0.33121285,-0.11312939,0.29902574,0.058595654,0.36068538,0.9745836,0.38607752,-0.09740821,1.6735611,-0.350135,0.31105646,0.14682928,0.46918237,0.14804682,0.46937808,0.77941966,-0.41797704,-0.76990974,-0.4059129,-0.08003114
56,Verzenio (Abemaciclib),CCN1CCN(Cc2ccc(Nc3ncc(F)c(-c4cc(F)c5nc(C)n(C(C)C)c5c4)n3)nc2)CC1,CHEMBL3301610,,-4.945181,-0.75188863,3.7304826,2.2500958,-1.4141963,-6.030918,-3.4371276,2.504555,5.7749605,-4.168759,-1.0779843,4.2662306,3.5955956,5.0113115,0.8573602,0.385938,-0.2133988,-6.2041206,3.0582616,3.7336159,-1.2443858,-1.4667399,-6.660909,-1.5993712,-5.8597956,1.3008214,-0.82534003,1.8383775,0.24151208,-0.44045708,-0.5875528,-0.5221269,0.36050054,0.52799225,-0.4811791,-0.083653525,0.5709489,-0.49087274,0.67341614,-0.25378713,-0.1521393,1.3742276,-0.06156578,0.80877936,2.795085,0.19150046,-0.022818163,-0.71092814,-0.042056747,-0.32175666,0.09423838,0.27796605,-0.4068063,-0.3618219,-0.30378878,0.19404577
57,Vinblastine Sulfate,CCC1(O)CC2CN(CCc3c([nH]c4ccccc34)C(C(=O)OC)(c3cc4c(cc3OC)N(C)C3C(O)(C(=O)OC)C(OC(C)=O)C5(CC)C=CCN6CCC43C65)C2)C1.O=S(=O)(O)O,CHEMBL376464,241902.0,2.9426286,0.2874918,2.1534755,-1.9620818,13.420489,-5.451916,3.6214433,1.9442817,3.7103493,-0.058964625,-0.99074674,8.165254,-1.41629,3.4855108,10.110917,4.2059946,-5.1656666,-3.6523864,-3.241151,3.520029,0.43376833,3.2386608,9.758933,0.70447433,6.161304,2.6512508,-3.904151,7.200983,0.24024865,-0.3981755,0.40409464,1.3423686,0.19249436,0.29800582,0.032812953,0.979056,-0.65997297,-0.361862,0.92491543,-0.0020947382,0.25231415,0.04727614,1.0998586,0.40923175,1.1537112,-0.23735353,0.6724022,-0.19943768,0.3143301,-0.0064803213,0.19966903,0.9912931,0.90145767,-1.1736649,0.6791237,0.56130546
58,Xeloda (Capecitabine),CCCCCOC(=O)Nc1nc(=O)n(C2OC(C)C(O)C2O)cc1F,CHEMBL1773,,-3.4601588,0.46240872,0.36258072,1.421077,3.6395526,-4.263109,-3.6694841,5.6128216,-0.89166176,-1.0660816,-0.82277346,2.8430605,2.536516,10.178171,3.7467594,5.2702026,-0.8433443,1.9249883,-3.8892777,-0.73292565,5.7343793,-8.144276,1.9431446,-3.924224,-3.5855186,-2.1539116,4.248461,-1.001442,0.28381956,-0.017017044,-0.65934455,0.41939664,0.8391073,0.016275823,-0.18876664,0.98231786,0.6583351,-0.5622322,1.0877278,-0.47747263,-0.90648,0.8139148,0.08293485,0.2793215,2.1047986,-0.0993834,-0.4457928,0.40550876,-0.09046183,0.47925562,0.25542727,0.5280423,0.51756227,-0.34972396,0.28358313,-0.1957593
59,Zoladex (Goserelin Acetate),CC(=O)O.CC(C)CC(NC(=O)C(COC(C)(C)C)NC(=O)C(Cc1ccc(O)cc1)NC(=O)C(CO)NC(=O)C(Cc1c[nH]c2ccccc12)NC(=O)C(Cc1cnc[nH]1)NC(=O)C1CCC(=O)N1)C(=O)NC(CCCNC(=N)N)C(=O)N1CCCC1C(=O)NNC(N)=O,CHEMBL1200501,,1.568463,2.3760898,-4.0386868,-3.1800742,-0.6613201,-0.5168565,0.5397305,-2.0918424,-4.523154,-0.23913746,-1.9244996,-2.2932677,1.0663013,2.7865202,-0.70513856,0.6012281,-1.1927632,-0.64166677,2.4123251,-1.3386607,1.8529761,1.3834182,-0.41132557,1.1531041,1.7685938,-2.0468073,2.8721695,-0.7042531,-0.41183174,0.3473985,-0.48548943,0.23085086,0.88355684,1.1101267,0.7246887,-0.6278718,0.20484704,0.21632777,-0.39583758,-0.011582799,0.6148364,0.14249468,-0.037761755,0.2587804,0.99600756,-0.4639659,-0.5893853,0.5525394,-0.48565093,-0.12772955,-0.28103614,0.39367777,0.572931,-0.88409925,0.00659191,0.23669022
